أرضروم سبور,teams_images/أرضروم سبور.png
إسطنبول باشاكشهر,teams_images/إسطنبول باشاكشهر.png
ألانيا سبور,teams_images/ألانيا سبور.png
آميد سبورتيف,teams_images/آميد سبورتيف.png
إيوبسبور,teams_images/إيوبسبور.png
بشكتاش,teams_images/بشكتاش.png
تشوروم,teams_images/تشوروم.png
جوزتيبي,teams_images/جوزتيبي.png
ريزه سبور,teams_images/ريزه سبور.png
سامسون سبور,teams_images/سامسون سبور.png
طرابزون سبور,teams_images/طرابزون سبور.png
غازي عنتاب,teams_images/غازي عنتاب.png
غلطة سراي,teams_images/غلطة سراي.png
غنتشلربيرليغي,teams_images/غنتشلربيرليغي.png
فنربخشة,teams_images/فنربخشة.png
قاسم باشا,teams_images/قاسم باشا.png
قونيا سبور,teams_images/قونيا سبور.png
كوجالي سبور,teams_images/كوجالي سبور.png
